{
    "venues": [
       

    ],

    "TransMat": [
        [1,     0,     0,      0,      0,      0],
        [0,     0.9,   0.1,    0,      0,      0],
        [0,     0.1,   0.8,    0.1,    0,      0],
        [0,     0,     0.1,    0.8,    0.1,    0],
        [0,     0,     0,      0.1,    0.8,    0.1],
        [0,     0,     0,      0,      0.1,    0.9]
    ],

    "CongLevel": [0, 1, 2, 3, 4, 5],
    "CongFactor": {"0": 1, "1": 1.05, "2": 1.15, "3": 1.25, "4": 1.35, "5": 1.45},

    "TruckProfiles": [
        {
            "Name": "Ritsch",
            "EneConMile": 0.22,
            "EneConTime": 0.001083,
            "Price": 27384
        },

        {
            "Name": "Dongfeng",
            "EneConMile": 0.25,
            "EneConTime": 0.001083,
            "Price": 23966
        },

        {
            "Name": "Isuzu",
            "EneConMile": 0.63,
            "EneConTime": 0.001083,
            "Price": 17928
        },

        {
            "Name": "Volvo",
            "EneConMile": 2.25,
            "EneConTime": 0.001083,
            "Price": 10906
        }


    ],

    "ExtraEneServe": 0
    
}